"cluster","yi","vyi","Zc","Zb"
1,-0.987696089802022,0.0356172363722627,-2.34991701346394,1
1,-0.534319586382531,0.0657579160348571,-0.668709168096819,1
2,-0.440971001236872,0.0744950493084714,0.528728515820815,0
2,-0.559427161380191,0.0539802516161682,-0.192885330786023,0
3,0.640140375975584,0.0627595500071206,1.03215018407799,1
3,-0.17151421156282,0.0743464548589631,0.733023898192931,0
4,-1.12934494457616,0.0429417592770358,-0.407457682561288,0
4,-1.08834128409054,0.0588749150683067,-0.214973089118679,0
5,0.740954865306737,0.0619493776262444,1.21011066781721,1
5,0.101806682919546,0.0282055091573489,-0.197297670272982,1
6,0.588102219711213,0.0463659123379403,0.99013823223153,1
6,-0.275143782583365,0.0776510009720604,-0.88164132596687,1
7,-1.01479201032706,0.0317950803669846,0.128625093968934,0
7,-1.82363324187856,0.0608905279617446,-0.584235151827225,0
8,1.30123728699535,0.0897520229358057,2.06472557212835,1
8,0.845536005044459,0.0558649431783753,0.750253419975879,1
9,-0.33700602569796,0.0436213605449287,1.03853015688027,0
9,-1.01004321580535,0.034961966270521,-1.55895878297162,1
10,-0.319409732491494,0.0364955971946409,-0.82790152917311,1
10,0.396363851543265,0.075528743544539,1.59983277729329,1
11,-1.48474562781097,0.0398612092941554,-1.25668222726632,0
11,0.0021794358263071,0.0305343692745821,-0.725671193648127,1
12,-0.289061677167306,0.0511617509696631,-0.460452266849745,1
12,0.000314160978293765,0.0579710152079502,-0.162110554141489,1
13,-0.851602836338929,0.077903815989826,-0.636243771873568,0
13,0.903166910880887,0.0358362214183338,1.08722066542985,1
14,-1.54038323356301,0.0545935816118001,-0.978984564068922,0
14,0.238266057616305,0.0660391042148526,0.250282048704761,1
15,-0.699331371320717,0.0684601965073654,0.327450233720139,0
15,-1.4394168426758,0.0352165064579677,-1.27713789675485,0
16,-1.61236957646373,0.0588874202839213,-1.33694235288013,0
16,-0.477523741191429,0.0279864929367397,-1.63716305778814,1
17,0.765515789060955,0.029606946287247,0.600467543395229,1
17,1.27524065574852,0.0517539716670641,1.53163552954356,1
18,0.498621361110225,0.0385449685128758,0.9295972442726,1
18,-0.567826294935492,0.0447442295764525,-0.995316878891978,1
19,0.104788425008274,0.0354468168761757,0.691401227092057,1
19,0.0172297726419699,0.0353995436507314,-0.0426378440584518,1
20,-0.904341711065512,0.0386747102209338,0.180692947383451,0
20,-0.838687918209859,0.0368788026447084,0.154509178177736,0
21,0.240422100688307,0.0327552958800788,2.06604156574989,0
21,-1.60116791293352,0.0364266851220961,-1.79176596836384,0
22,-0.00710902321142833,0.0425534603096331,0.774968824419597,0
22,0.515382604838158,0.0333291097958458,2.54895115145756,0
23,0.722188683066518,0.0722165804571979,0.873874999387415,1
23,-2.4831579526548,0.0778355682298504,-2.0993064303734,0
24,-2.08188780589478,0.0453465324865198,-1.3776627923319,0
24,-0.288715936395275,0.0357670658934894,-0.320156173706345,1
25,-1.31899532398844,0.0360731432026051,-0.0580680207923501,0
25,-1.04234869116427,0.0649035056712277,0.335677312362426,0
26,0.789992774809582,0.0399263360382007,1.48333756178493,1
26,0.0958536776802525,0.0702560344519722,0.70187461186219,1
27,-0.547041739609244,0.0298534340463119,-1.30881580505824,1
27,-1.02465192443218,0.0367882583993601,0.164993288031053,0
28,-1.36953727936831,0.0567565078136755,-0.50011097791486,0
28,-0.716341299434254,0.0363809609285263,-1.36118081115516,1
29,-1.90915556949764,0.0808671874204434,-1.52228699669602,0
29,-1.0028731408187,0.0409352478935253,-1.85354799751575,1
30,-0.602656040098702,0.0480643350728014,-0.375755185199043,0
30,-0.527815648804503,0.051102403451376,0.132905403374758,1
31,-0.424424800897135,0.046478047793276,1.11436932315623,0
31,0.245779809599246,0.034446186815413,0.13311128274169,1
32,0.674741964437691,0.0370845470112861,1.00411611606354,1
32,-0.391287541813412,0.0323535950015015,0.605837704564556,0
33,-0.0934149440223853,0.0408608487335036,0.667634958949763,0
33,-1.37787701188807,0.0494927252994479,-1.42286068900909,0
34,-1.06947663767508,0.0348999247272244,-0.0781525889874405,0
34,0.278419183502213,0.0325706340392824,0.292247934829072,1
35,1.10827229315222,0.0352223949456828,1.90418382427309,1
35,-0.836741615214475,0.0388398952260345,0.388137733941522,0
36,-1.13180179685299,0.0459454223136617,-1.64414565938482,1
36,-0.0319503081088364,0.0336177345470094,-0.563381790307508,1
37,0.670465053313454,0.0322500892660863,0.829330959098822,1
37,-0.0257298642353165,0.0519523508176206,1.18428052714265,1
38,-0.465067911834887,0.0383938699187779,-1.02347802289717,1
38,-1.22400854905411,0.0409405040006791,-0.83571542704722,0
39,-1.04973402396492,0.0500106676981845,0.14620762198536,0
39,-1.52931153621541,0.0646174610925096,0.465624560705493,0
40,0.919423545476535,0.0296823478388478,2.21695160662982,1
40,-1.23613475331833,0.0756192787965188,-1.8261270071846,1
41,0.158258233070207,0.0361488543618671,0.0940761402817283,1
41,0.588464705257559,0.0745204527619095,0.736320802971366,1
42,-0.470760016471438,0.0348373516657127,-0.190707384247828,1
42,-0.435982537820875,0.0538821103505574,-0.726238716045805,1
43,-0.751904990777143,0.0356890046464816,0.0732321999916746,0
43,-0.568820132384467,0.0325138919648667,1.11070772573717,0
44,-0.615193077551928,0.0374038505476242,-0.972654099653935,1
44,-0.670312207356896,0.0297511213215904,0.649075979397453,0
45,-0.157684547741403,0.0389556525077496,-0.646686272916115,1
45,0.284320342239878,0.0320668176865532,0.221438553999249,1
46,-1.03617474379729,0.0560102351832307,0.0523313922792159,0
46,-1.35416186878105,0.0558736043571625,-0.995943308960611,0
47,0.31614050473198,0.0313951349563263,0.544532672459683,1
47,-0.0549725982200116,0.0784609998681868,-0.479129311938203,1
48,-0.0340979696052165,0.0310122584167876,-0.449751806434579,1
48,-1.44695052348234,0.0841138818117151,-2.49694474118929,1
49,-0.11067752156646,0.0556406216234729,1.17001669723952,0
49,-0.255088673224054,0.0584425379072986,-1.49507579490954,1
50,0.739760514108695,0.0436083960113998,2.49764568505868,1
50,-1.26949317141228,0.0579012826039904,-0.541314548349416,0
